{"cameraMode":{"drawMode":0,"name":"Shaded","section":"Shading Mode"},"sceneLighting":true,"audioPlay":false,"sceneViewState":{"showFog":true,"showMaterialUpdate":false,"showSkybox":true,"showFlares":true,"showImageEffects":true,"showParticleSystems":true},"in2DMode":false,"pivot":{"x":11.6911039352417,"y":5.130802154541016,"z":10.694026947021485},"rotation":{"x":0.08852934837341309,"y":0.8997657299041748,"z":-0.3686119318008423,"w":0.21619977056980134},"size":67.7282943725586,"orthographic":false}